posx, posy, posz, tag, time (s), userID
-1.545806,0.03155026,0.5664939,Ice,308.4439,18
-1.300195,-0.1887226,0.9926223,Reflection,315.4715,18
-1.345843,0.1911182,-0.9293053,Fence,326.6105,18
-0.3257612,0.3224831,-1.58155,Tire,336.3455,18
-0.7855984,0.3548002,-1.402985,Truck,340.6559,18
