posx, posy, posz, tag, time (s), userID
0.1274626,0.4038267,-1.591255,Truck,88.07679,10
-1.609543,-0.0225676,-0.346844,Ice,96.92217,10
-0.09337099,0.2320721,1.627529,Graffiti,104.3931,10
0.6454874,-0.6094614,1.386846,Reflection,109.9614,10
0.774655,0.1521472,-1.445057,Tire,124.3493,10
